idx,state0,state1,state2,state3,user_input,controller_vote,actuation
1,0.017133589833974838,0.14620594680309296,0.017271224409341812,-0.3009454607963562,0.0,1,0
5,0.021000992506742477,0.14556589722633362,0.00543974619358778,-0.2867733836174011,0.0,1,0
11,0.026759296655654907,0.14582222700119019,-0.011360790580511093,-0.2924288809299469,0.0,1,0
12,0.029675742611289024,-0.04913590848445892,-0.017209367826581,-0.003350535873323679,0.0,1,0
14,0.02381288632750511,-0.0486428327858448,-0.011599311605095863,-0.01422800961881876,0.0,1,0
17,0.017001958563923836,0.14690592885017395,-0.006821108516305685,-0.31632623076438904,0.0,1,0
22,0.01611216552555561,-0.04748464748263359,-0.015686390921473503,-0.039780743420124054,0.0,1,0
30,0.00863823015242815,-0.04563102871179581,-0.02477673627436161,-0.08068932592868805,0.0,1,0
32,0.0029178254771977663,-0.04489997774362564,-0.02230902947485447,-0.09681498259305954,0.0,1,0
34,-0.0027740781661123037,-0.04423492029309273,-0.02047039195895195,-0.1114848405122757,0.0,1,0
42,-0.009683153592050076,-0.041569799184799194,-0.04202745854854584,-0.17039401829242706,0.0,1,0
43,-0.010514549911022186,-0.2360657900571823,-0.0454353392124176,0.10873991996049881,0.0,1,0
46,-0.02854202315211296,-0.03918697312474251,-0.03391062840819359,-0.22292986512184143,0.0,1,0
57,-0.07946129143238068,-0.22798115015029907,-0.03240148723125458,-0.06975695490837097,0.0,1,0
59,-0.09247339516878128,-0.2270355075597763,-0.029546035453677177,-0.09061981737613678,0.0,1,0
82,-0.26137155294418335,-0.4134524464607239,-0.013150162063539028,0.010073442943394184,0.0,1,0
85,-0.2900698781013489,-0.6081004738807678,-0.006940321996808052,0.29231348633766174,0.0,1,0
88,-0.3304540514945984,-0.4130157232284546,0.016357380896806717,0.0004389341629575938,0.0,0,1
96,-0.4122655987739563,-0.4151395559310913,0.042479149997234344,0.047328393906354904,0.0,1,0
104,-0.4868851900100708,-0.8113979697227478,0.0704418197274208,0.7668652534484863,0.5,0,1
105,-0.5031131505966187,-0.6173129081726074,0.08577912300825119,0.4971524178981781,0.5,0,1
106,-0.515459418296814,-0.42349857091903687,0.09572217613458633,0.23268797993659973,0.5,0,1
109,-0.5370521545410156,-0.6226656436920166,0.10569440573453903,0.6166747808456421,0.5,0,1
110,-0.5495054721832275,-0.42916667461395264,0.11802790313959122,0.35906240344047546,0.5,0,1
111,-0.5580887794494629,-0.23590300977230072,0.12520915269851685,0.1058034673333168,0.5,0,1
114,-0.5684518218040466,-0.4361329674720764,0.12812882661819458,0.5142824649810791,0.5,0,1
116,-0.5820350050926208,-0.4398244619369507,0.14370575547218323,0.597501814365387,0.5,0,1
117,-0.5908315181732178,-0.24697473645210266,0.15565578639507294,0.35331326723098755,0.5,0,1
118,-0.5957710146903992,-0.054369065910577774,0.16272205114364624,0.11347586661577225,0.5,0,1
120,-0.5940965414047241,-0.05896143242716789,0.16251610219478607,0.2160811573266983,0.5,0,1
122,-0.5926055312156677,-0.06356345862150192,0.16641269624233246,0.3190765678882599,0.5,0,1
123,-0.593876838684082,0.12884587049484253,0.17279422283172607,0.0831495076417923,0.5,0,1
125,-0.5848774313926697,0.12398892641067505,0.17144875228405,0.19182120263576508,0.5,0,1
126,-0.5823976397514343,0.3162964880466461,0.17528517544269562,-0.04225156083703041,0.5,0,1
128,-0.5659011602401733,0.3114023506641388,0.168941929936409,0.06731667369604111,0.5,0,1
130,-0.5495980978012085,0.3066517412662506,0.16693498194217682,0.17353007197380066,0.5,0,1
133,-0.5274455547332764,0.10485623776912689,0.17474259436130524,0.6199382543563843,0.5,0,1
134,-0.525348424911499,0.2971627116203308,0.18714135885238647,0.3869846761226654,0.5,0,1
135,-0.5194051861763,0.4892037808895111,0.19488105177879333,0.15865156054496765,0.5,0,1
136,-0.5096210837364197,0.6810793280601501,0.19805409014225006,-0.06678063422441483,0.5,0,1
138,-0.47854164242744446,0.6755887866020203,0.19089792668819427,0.05668262392282486,0.5,0,1
139,-0.46502986550331116,0.8675339818000793,0.19203157722949982,-0.17022117972373962,0.5,0,1
141,-0.4264899492263794,0.8622357249259949,0.18069292604923248,-0.05099033564329147,0.5,0,1
142,-0.40924522280693054,1.0543687343597412,0.17967312037944794,-0.2816626727581024,0.5,0,1
144,-0.36322715878486633,1.0494427680969238,0.16378526389598846,-0.17064975202083588,0.5,0,1
146,-0.3174005448818207,1.0448986291885376,0.1522219479084015,-0.0688764750957489,0.5,0,1
148,-0.27175164222717285,1.0406345129013062,0.14464585483074188,0.026268085464835167,0.5,0,1
149,-0.25093895196914673,1.2334178686141968,0.14517121016979218,-0.21750934422016144,0.5,0,1
150,-0.22627058625221252,1.4261983633041382,0.14082102477550507,-0.46110790967941284,0.5,0,1
151,-0.1977466195821762,1.619078516960144,0.13159887492656708,-0.706299364566803,0.5,1,0
152,-0.1653650552034378,1.4224025011062622,0.11747288703918457,-0.3752578794956207,0.5,0,1
153,-0.13691699504852295,1.6156771183013916,0.10996773093938828,-0.6287139058113098,0.5,1,0
154,-0.10460345447063446,1.419206142425537,0.0973934456706047,-0.3035223186016083,0.5,0,1
155,-0.0762193351984024,1.612815022468567,0.09132300317287445,-0.5639708042144775,0.5,0,1
156,-0.04396303370594978,1.8065448999404907,0.08004358410835266,-0.8265430927276611,0.5,1,0
157,-0.007832136936485767,1.6104248762130737,0.06351272016763687,-0.5097973942756653,0.5,0,1
158,0.024376360699534416,1.8045973777770996,0.05331677570939064,-0.7818085551261902,0.5,0,1
159,0.06046830862760544,1.9989475011825562,0.03768060356378555,-1.0572518110275269,0.5,1,0
160,0.10044725984334946,1.8033469915390015,0.016535568982362747,-0.7529839277267456,0.5,1,0
161,0.13651420176029205,1.6080009937286377,0.001475890981964767,-0.4551437497138977,0.5,0,1
162,0.16867421567440033,1.8031021356582642,-0.007626983802765608,-0.7473610639572144,0.5,1,0
163,0.20473626255989075,1.6080862283706665,-0.022574204951524734,-0.45708805322647095,0.5,0,1
164,0.23689799010753632,1.80351984500885,-0.03171596676111221,-0.7568001747131348,0.5,1,0
165,0.2729683816432953,1.608849048614502,-0.04685197025537491,-0.4742637574672699,0.5,1,0
166,0.30514535307884216,1.4144190549850464,-0.05633724480867386,-0.19670812785625458,0.5,1,0
167,0.33343374729156494,1.2201462984085083,-0.060271408408880234,0.07768429815769196,0.5,0,1
168,0.35783666372299194,1.4160780906677246,-0.058717723935842514,-0.23338893055915833,0.5,1,0
169,0.3861582279205322,1.2218421697616577,-0.0633855015039444,0.0402098074555397,0.5,0,1
170,0.4105950593948364,1.4178130626678467,-0.06258130818605423,-0.2717791199684143,0.5,0,1
171,0.4389513432979584,1.6137696504592896,-0.0680168867111206,-0.5835254192352295,0.5,1,0
172,0.4712267220020294,1.4196631908416748,-0.07968739420175552,-0.3130204975605011,0.5,1,0
173,0.4996199905872345,1.2257615327835083,-0.08594780415296555,-0.04649430140852928,0.5,1,0
174,0.5241352319717407,1.0319703817367554,-0.08687768876552582,0.21788178384304047,0.5,0,1
175,0.5447746515274048,1.2282198667526245,-0.08252005279064178,-0.10089218616485596,0.5,1,0
176,0.5693390369415283,1.0343716144561768,-0.08453790098428726,0.16465745866298676,0.5,0,1
177,0.5900264382362366,1.230595588684082,-0.08124475181102753,-0.15345193445682526,0.5,1,0
178,0.6146383881568909,1.0367252826690674,-0.0843137875199318,0.11253464967012405,0.5,0,1
179,0.6353728771209717,1.232947826385498,-0.08206309378147125,-0.20551249384880066,0.5,1,0
180,0.6600318551063538,1.0390894412994385,-0.08617334812879562,0.06019701808691025,0.5,0,1
181,0.6808136105537415,1.2353343963623047,-0.0849694088101387,-0.25838184356689453,0.5,1,0
182,0.7055203318595886,1.0415217876434326,-0.0901370421051979,0.006337276194244623,0.5,0,1
183,0.726350724697113,1.237813115119934,-0.09001030027866364,-0.3133687674999237,0.5,1,0
184,0.7511069774627686,1.0440809726715088,-0.09627766907215118,-0.050374310463666916,0.5,0,1
185,0.7719886302947998,1.240442156791687,-0.09728515893220901,-0.37181395292282104,0.5,1,0
186,0.7967974543571472,1.0468271970748901,-0.10472143441438675,-0.11132150888442993,0.5,1,0
187,0.8177340030670166,0.8533495664596558,-0.1069478690624237,0.14657318592071533,0.5,0,1
188,0.8348010182380676,1.0498275756835938,-0.10401640087366104,-0.17784276604652405,0.5,1,0
189,0.855797529220581,0.8563361167907715,-0.1075732633471489,0.08030012249946594,0.5,0,1
190,0.872924268245697,1.052822470664978,-0.10596726089715958,-0.24429143965244293,0.5,0,1
191,0.8939807415008545,1.2492858171463013,-0.11085308343172073,-0.5684295296669006,0.5,1,0
192,0.9189664721488953,1.05587899684906,-0.1222216784954071,-0.3126240670681,0.5,1,0
193,0.9400840401649475,0.8626909852027893,-0.128474161028862,-0.06084750220179558,0.5,0,1
194,0.9573378562927246,1.0593985319137573,-0.12969110906124115,-0.39114463329315186,0.5,0,1
195,0.9785258173942566,1.2560995817184448,-0.13751399517059326,-0.7217407822608948,0.5,1,0
196,1.003647804260254,1.063120722770691,-0.15194880962371826,-0.475306898355484,0.5,1,0
197,1.0249102115631104,0.8704342246055603,-0.1614549607038498,-0.2341085821390152,0.5,1,0
198,1.0423189401626587,0.6779431104660034,-0.16613712906837463,0.00361108616925776,0.5,1,0
199,1.0558778047561646,0.48554521799087524,-0.16606490314006805,0.23961429297924042,0.5,0,1
200,1.0655887126922607,0.6826019883155823,-0.16127261519432068,-0.10050344467163086,0.5,1,0
201,1.0792406797409058,0.49011459946632385,-0.16328269243240356,0.13727210462093353,0.5,1,0
202,1.0890430212020874,0.2976621091365814,-0.1605372428894043,0.37431907653808594,0.5,0,1
203,1.0949962139129639,0.49465689063072205,-0.15305086970329285,0.03563098981976509,0.5,1,0
204,1.1048893928527832,0.3020232021808624,-0.15233825147151947,0.27638235688209534,0.5,0,1
205,1.1109298467636108,0.4989531338214874,-0.1468105912208557,-0.06020597368478775,0.5,1,0
206,1.1209088563919067,0.3062078058719635,-0.14801470935344696,0.18279443681240082,0.5,1,0
207,1.1270331144332886,0.1134796291589737,-0.144358828663826,0.4253681004047394,0.5,0,1
208,1.1293026208877563,0.31031978130340576,-0.13585147261619568,0.09088481217622757,0.5,1,0
209,1.1355090141296387,0.11738012731075287,-0.13403376936912537,0.337810218334198,0.5,0,1
210,1.1378567218780518,0.31412941217422485,-0.12727756798267365,0.006045225076377392,0.5,1,0
211,1.144139289855957,0.12104079872369766,-0.12715665996074677,0.25601670145988464,0.5,0,1
212,1.1465600728988647,0.3177272081375122,-0.12203633040189743,-0.07391440123319626,0.5,1,0
213,1.1529146432876587,0.12454693764448166,-0.12351461499929428,0.17791125178337097,0.5,0,1
214,1.1554055213928223,0.32120010256767273,-0.11995638906955719,-0.15104229748249054,0.5,1,0
215,1.1618295907974243,0.12798184156417847,-0.12297723442316055,0.10151968151330948,0.5,0,1
216,1.1643891334533691,0.3246319890022278,-0.12094683945178986,-0.22729207575321198,0.5,1,0
217,1.1708818674087524,0.13142743706703186,-0.12549267709255219,0.024925921112298965,0.5,1,0
218,1.1735104322433472,-0.061692312359809875,-0.12499416619539261,0.2755294442176819,0.5,1,0
219,1.172276496887207,-0.25482985377311707,-0.1194835752248764,0.5263229608535767,0.5,0,1
220,1.1671799421310425,-0.058247197419404984,-0.10895711928606033,0.19850663840770721,0.5,1,0
221,1.1660150289535522,-0.2516557276248932,-0.10498698800802231,0.45492902398109436,0.5,0,1
222,1.1609818935394287,-0.05521814897656441,-0.0958884060382843,0.1310855597257614,0.5,1,0
223,1.1598775386810303,-0.24884507060050964,-0.09326669573783875,0.39204370975494385,0.5,0,1
224,1.1549005508422852,-0.052531834691762924,-0.08542581647634506,0.07147300988435745,0.5,1,0
225,1.1538499593734741,-0.24633179605007172,-0.08399636298418045,0.33602824807167053,0.5,0,1
226,1.148923397064209,-0.05012117326259613,-0.07727579772472382,0.018084052950143814,0.5,1,0
227,1.1479209661483765,-0.24405473470687866,-0.07691411674022675,0.2854197919368744,0.5,0,1
228,1.1430398225784302,-0.04792490974068642,-0.07120572030544281,-0.030495649203658104,0.5,1,0
229,1.142081379890442,-0.24195732176303864,-0.07181563228368759,0.2388986349105835,0.5,1,0
230,1.1372421979904175,-0.4359837770462036,-0.0670376569032669,0.50809246301651,0.5,0,1
231,1.128522515296936,-0.23998449742794037,-0.0568758100271225,0.1950596272945404,0.5,0,1
232,1.123722791671753,-0.04409705102443695,-0.05297461524605751,-0.1150088980793953,0.5,1,0
233,1.1228408813476562,-0.2384214997291565,-0.05527479574084282,0.160501629114151,0.5,0,1
234,1.1180723905563354,-0.042553577572107315,-0.05206476151943207,-0.14909407496452332,0.5,1,0
235,1.1172213554382324,-0.23689280450344086,-0.05504664406180382,0.1267196387052536,0.5,1,0
236,1.1124835014343262,-0.4311847388744354,-0.05251225084066391,0.4015405476093292,0.5,0,1
237,1.103859782218933,-0.23535878956317902,-0.044481441378593445,0.09277503937482834,0.5,1,0
238,1.099152684211731,-0.4298158884048462,-0.04262593761086464,0.37109893560409546,0.5,0,1
239,1.090556263923645,-0.2341150939464569,-0.0352039597928524,0.06528615951538086,0.5,0,1
240,1.0858739614486694,-0.03850656375288963,-0.033898238092660904,-0.23829267919063568,0.5,1,0
241,1.0851038694381714,-0.23312824964523315,-0.038664091378450394,0.043507982045412064,0.5,1,0
242,1.0804413557052612,-0.4276750683784485,-0.03779393061995506,0.3237456977367401,0.5,0,1
243,1.0718878507614136,-0.23203590512275696,-0.031319018453359604,0.0193877425044775,0.5,1,0
244,1.0672471523284912,-0.4266950488090515,-0.03093126229941845,0.3020269572734833,0.5,0,1
245,1.0587131977081299,-0.2311462014913559,-0.024890722706913948,-0.00024832013878040016,0.5,0,1
246,1.0540902614593506,-0.035676293075084686,-0.024895688518881798,-0.300679475069046,0.5,1,0
247,1.0533767938613892,-0.23043471574783325,-0.030909279361367226,-0.01595095545053482,0.5,1,0
248,1.0487680435180664,-0.42510005831718445,-0.03122829832136631,0.2668217122554779,0.5,0,1
249,1.0402660369873047,-0.2295466661453247,-0.02589186280965805,-0.035544995218515396,0.5,1,0
250,1.0356751680374146,-0.42428794503211975,-0.026602763682603836,0.24885764718055725,0.5,1,0
251,1.0271893739700317,-0.6190200448036194,-0.021625610068440437,0.5330321788787842,0.5,0,1
252,1.014809012413025,-0.4236007630825043,-0.010964966379106045,0.23361434042453766,0.5,1,0
253,1.0063369274139404,-0.6185643076896667,-0.006292679812759161,0.5228185057640076,0.5,0,1
254,0.9939656853675842,-0.4233543872833252,0.004163689911365509,0.2281593233346939,0.5,1,0
255,0.9854985475540161,-0.618535578250885,0.008726876229047775,0.5221527218818665,0.5,0,1
256,0.9731278419494629,-0.42353755235671997,0.01916993036866188,0.232232466340065,0.5,0,1
257,0.9646571278572083,-0.22869469225406647,0.023814579471945763,-0.054342515766620636,0.5,1,0
258,0.9600832462310791,-0.42414987087249756,0.022727729752659798,0.24575795233249664,0.5,0,1
259,0.951600193977356,-0.22935977578163147,0.027642888948321342,-0.03967035189270973,0.5,1,0
260,0.9470130205154419,-0.42486700415611267,0.02684948220849037,0.2616043984889984,0.5,0,1
261,0.9385156631469727,-0.2301383912563324,0.032081570476293564,-0.02249041013419628,0.5,1,0
262,0.9339129328727722,-0.4257054030895233,0.03163176029920578,0.2801395058631897,0.5,0,1
263,0.9253988265991211,-0.2310485988855362,0.03723455220460892,-0.0024014299269765615,0.5,1,0
264,0.9207778573036194,-0.4266842305660248,0.03718652203679085,0.30179303884506226,0.5,0,1
265,0.9122441411018372,-0.23211146891117096,0.04322238266468048,0.021065980195999146,0.5,1,0
266,0.9076019525527954,-0.4278257489204407,0.04364370182156563,0.32706665992736816,0.5,1,0
267,0.8990454077720642,-0.623540997505188,0.05018503591418266,0.6331871747970581,0.5,0,1
268,0.8865745663642883,-0.42915377020835876,0.0628487765789032,0.3567216098308563,0.5,0,1
269,0.8779914975166321,-0.2349790334701538,0.06998321413993835,0.08449993282556534,0.5,1,0
270,0.8732919096946716,-0.4310307502746582,0.07167321443557739,0.3984159231185913,0.5,0,1
271,0.8646712899208069,-0.2369948923587799,0.07964152842760086,0.12916329503059387,0.5,0,1
272,0.8599314093589783,-0.04309879243373871,0.08222479373216629,-0.1373690962791443,0.5,1,0
273,0.8590694665908813,-0.2392963021993637,0.07947741448879242,0.18007974326610565,0.5,0,1
274,0.8542835116386414,-0.04539630189538002,0.0830790102481842,-0.08651038259267807,0.5,1,0
275,0.8533756136894226,-0.2416047900915146,0.08134879916906357,0.23118437826633453,0.5,0,1
276,0.8485435247421265,-0.04773378372192383,0.08597248792648315,-0.03477025404572487,0.5,1,0
277,0.847588837146759,-0.2439766675233841,0.08527708053588867,0.2837516665458679,0.5,0,1
278,0.8427093029022217,-0.050167981535196304,0.09095211327075958,0.01913614012300968,0.5,0,1
279,0.8417059183120728,0.14353987574577332,0.09133484214544296,-0.243521586060524,0.5,1,0
280,0.8445767164230347,-0.05275991931557655,0.08646440505981445,0.07651591300964355,0.5,1,0
281,0.8435215353965759,-0.2490081489086151,0.08799472451210022,0.39517742395401,0.5,0,1
282,0.8385413885116577,-0.055237773805856705,0.09589827060699463,0.1314835101366043,0.5,0,1
283,0.8374366164207458,0.138388991355896,0.0985279455780983,-0.12947125732898712,0.5,1,0
284,0.8402043581008911,-0.05799621343612671,0.09593851864337921,0.19259823858737946,0.5,0,1
285,0.839044451713562,0.13563172519207,0.09979048371315002,-0.06834538280963898,0.5,0,1
286,0.8417571187019348,0.3291918933391571,0.09842357784509659,-0.32795149087905884,0.5,1,0
287,0.8483409285545349,0.13281656801700592,0.09186454862356186,-0.005924243945628405,0.5,0,1
288,0.850997269153595,0.32650917768478394,0.09174606204032898,-0.2682678699493408,0.5,1,0
289,0.8575274348258972,0.13020582497119904,0.08638070523738861,0.05188427492976189,0.5,0,1
290,0.860131561756134,0.3239898085594177,0.08741839230060577,-0.21234352886676788,0.5,1,0
291,0.8666113615036011,0.12773381173610687,0.08317151665687561,0.10658460110425949,0.5,0,1
292,0.8691660165786743,0.3215714991092682,0.08530320972204208,-0.15874259173870087,0.5,1,0
293,0.8755974769592285,0.12533842027187347,0.0821283608675003,0.15958546102046967,0.5,0,1
294,0.8781042098999023,0.31919440627098083,0.08532007038593292,-0.10609976947307587,0.5,1,0
295,0.8844881057739258,0.12295996397733688,0.08319807052612305,0.21223483979701996,0.5,0,1
296,0.8869473338127136,0.31679993867874146,0.08744277060031891,-0.05308736860752106,0.5,0,1
297,0.8932833075523376,0.5105662941932678,0.08638102561235428,-0.31695103645324707,0.5,1,0
298,0.903494656085968,0.31432703137397766,0.08004200458526611,0.0016748325433582067,0.5,1,0
299,0.9097812175750732,0.11815381795167923,0.08007549494504929,0.31849974393844604,0.5,0,1
300,0.9121442437171936,0.31204941868782043,0.08644549548625946,0.0521053671836853,0.5,0,1
301,0.9183852672576904,0.505832314491272,0.0874876007437706,-0.21210023760795593,0.5,0,1
302,0.9285019040107727,0.6996015310287476,0.08324559777975082,-0.4759539067745209,0.5,1,0
303,0.9424939155578613,0.5034088492393494,0.07372651994228363,-0.15823803842067719,0.5,1,0
304,0.9525620937347412,0.30731305480003357,0.07056175917387009,0.15676259994506836,0.5,0,1
305,0.9587083458900452,0.5013574957847595,0.07369700819253922,-0.11285184323787689,0.5,0,1
306,0.9687355160713196,0.6953502893447876,0.07143997400999069,-0.3814038932323456,0.5,0,1
307,0.9826425313949585,0.8893889784812927,0.06381189078092575,-0.650734007358551,0.5,1,0
308,1.0004303455352783,0.6934390068054199,0.05079721286892891,-0.33865928649902344,0.5,0,1
309,1.0142990350723267,0.8878027200698853,0.0440240278840065,-0.6149008274078369,0.5,1,0
310,1.032055139541626,0.6920942068099976,0.031726013869047165,-0.3086835741996765,0.5,1,0
311,1.0458970069885254,0.49653488397598267,0.02555234171450138,-0.00616636173799634,0.5,0,1
312,1.0558277368545532,0.691281259059906,0.02542901411652565,-0.2906789481639862,0.5,1,0
313,1.0696533918380737,0.49580609798431396,0.019615434110164642,0.009914280846714973,0.5,0,1
314,1.0795694589614868,0.6906413435935974,0.019813720136880875,-0.27651578187942505,0.5,1,0
315,1.0933822393417358,0.4952423870563507,0.014283404685556889,0.022349970415234566,0.5,0,1
316,1.1032871007919312,0.6901566386222839,0.014730404131114483,-0.2657923698425293,0.5,1,0
317,1.1170902252197266,0.4948275685310364,0.009414556436240673,0.03150000795722008,0.5,0,1
318,1.1269868612289429,0.6898132562637329,0.01004455704241991,-0.25819772481918335,0.5,1,0
319,1.1407830715179443,0.49454933404922485,0.0048806024715304375,0.0376364067196846,0.5,1,0
320,1.1506741046905518,0.29935774207115173,0.005633330438286066,0.3318552076816559,0.5,0,1
321,1.1566612720489502,0.4943990707397461,0.012270434759557247,0.040954068303108215,0.5,0,1
322,1.1665492057800293,0.6893429160118103,0.013089516200125217,-0.2478322982788086,0.5,1,0
323,1.1803361177444458,0.4940364956855774,0.008132870309054852,0.0489504411816597,0.5,0,1
324,1.1902167797088623,0.6890408992767334,0.009111879393458366,-0.2411554455757141,0.5,1,0
325,1.2039976119995117,0.4937899708747864,0.004288770258426666,0.05438763648271561,0.5,0,1
326,1.2138733863830566,0.6888501644134521,0.005376522894948721,-0.23693907260894775,0.5,0,1
327,1.2276504039764404,0.8838949203491211,0.0006377415265887976,-0.5279212594032288,0.5,1,0
328,1.2453283071517944,0.6887639760971069,-0.009920683689415455,-0.2350374311208725,0.5,1,0
329,1.2591036558151245,0.49378517270088196,-0.014621431939303875,0.05449976772069931,0.5,0,1
330,1.2689793109893799,0.6891136765480042,-0.013531436212360859,-0.24276024103164673,0.5,1,0
331,1.282761573791504,0.494187593460083,-0.018386641517281532,0.04562399536371231,0.5,0,1
332,1.2926453351974487,0.6895683407783508,-0.017474161460995674,-0.25280290842056274,0.5,1,0
333,1.3064366579055786,0.49470019340515137,-0.022530218586325645,0.03431752696633339,0.5,1,0
334,1.3163306713104248,0.29990845918655396,-0.021843869239091873,0.31980764865875244,0.5,0,1
335,1.3223289251327515,0.49533456563949585,-0.015447716228663921,0.02031681500375271,0.5,0,1
336,1.33223557472229,0.6906746029853821,-0.015041379258036613,-0.27719974517822266,0.5,1,0
337,1.3460490703582764,0.4957704544067383,-0.020585374906659126,0.01070144772529602,0.5,1,0
338,1.3559644222259521,0.30094966292381287,-0.020371345803141594,0.2968190312385559,0.5,0,1
339,1.3619834184646606,0.4963560104370117,-0.014434965327382088,-0.002218437846750021,0.5,0,1
340,1.371910572052002,0.691681981086731,-0.014479333534836769,-0.2994205951690674,0.5,1,0
341,1.3857442140579224,0.49676936864852905,-0.020467745140194893,-0.01133911032229662,0.5,1,0
342,1.3956795930862427,0.30194684863090515,-0.02069452777504921,0.2748163640499115,0.5,0,1
343,1.4017184972763062,0.4973578453063965,-0.01519820000976324,-0.02432113327085972,0.5,1,0
344,1.411665678024292,0.30245712399482727,-0.015684623271226883,0.26352810859680176,0.5,0,1
345,1.4177148342132568,0.4977993965148926,-0.01041406113654375,-0.03406035527586937,0.5,0,1
346,1.4276708364486694,0.6930691599845886,-0.011095267720520496,-0.3300107419490814,0.5,1,0
347,1.4415322542190552,0.49810686707496643,-0.017695482820272446,-0.0408472940325737,0.5,1,0
348,1.4514943361282349,0.30324307084083557,-0.018512429669499397,0.24620042741298676,0.5,0,1
349,1.4575592279434204,0.4986244738101959,-0.013588420115411282,-0.052263788878917694,0.5,0,1
350,1.467531681060791,0.6939386129379272,-0.014633696526288986,-0.34920281171798706,0.5,1,0
351,1.4814105033874512,0.4990277886390686,-0.021617751568555832,-0.0611700639128685,0.5,0,1
352,1.4913910627365112,0.6944529414176941,-0.022841153666377068,-0.36059439182281494,0.5,1,0
353,1.5052801370620728,0.49966296553611755,-0.030053041875362396,-0.0752003863453865,0.5,1,0
354,1.5152733325958252,0.304984450340271,-0.031557049602270126,0.20785124599933624,0.5,0,1
355,1.5213730335235596,0.5005431175231934,-0.027400024235248566,-0.09461690485477448,0.5,1,0
356,1.5313838720321655,0.3058243691921234,-0.029292361810803413,0.18929696083068848,0.5,0,1
357,1.5375003814697266,0.5013529062271118,-0.02550642192363739,-0.11248070746660233,0.5,1,0
358,1.5475274324417114,0.3066055178642273,-0.027756037190556526,0.17204724252223969,0.5,1,0
359,1.5536595582962036,0.11189160495996475,-0.024315092712640762,0.4558463990688324,0.5,0,1
360,1.5558973550796509,0.30734875798225403,-0.015198164619505405,0.1555994153022766,0.5,1,0
361,1.562044382095337,0.11244766414165497,-0.012086176313459873,0.4434491991996765,0.5,0,1
362,1.5642932653427124,0.3077385425567627,-0.003217192366719246,0.14698104560375214,0.5,0,1
363,1.5704480409622192,0.5029063820838928,-0.00027757155476137996,-0.14671510457992554,0.5,0,1
364,1.5805062055587769,0.6980323195457458,-0.0032118738163262606,-0.4394855797290802,0.5,1,0
365,1.5944668054580688,0.502955973148346,-0.012001585215330124,-0.14781686663627625,0.5,1,0
366,1.6045259237289429,0.3080079257488251,-0.01495792344212532,0.14105576276779175,0.5,0,1
367,1.610686182975769,0.5033408999443054,-0.012136807665228844,-0.1563083529472351,0.5,1,0
368,1.6207529306411743,0.30839478969573975,-0.015262975357472897,0.1325211226940155,0.5,0,1
369,1.6269208192825317,0.5037320256233215,-0.012612552382051945,-0.16493771970272064,0.5,1,0
370,1.6369954347610474,0.3087928593158722,-0.01591130718588829,0.12373976409435272,0.5,0,1
371,1.6431713104248047,0.5041391253471375,-0.013436511158943176,-0.17392024397850037,0.5,1,0
372,1.6532541513442993,0.30921199917793274,-0.016914917156100273,0.11449378728866577,0.5,0,1
373,1.6594383716583252,0.5045722126960754,-0.01462504081428051,-0.18347731232643127,0.5,1,0
374,1.6695297956466675,0.30966252088546753,-0.01829458773136139,0.10455631464719772,0.5,0,1
375,1.6757230758666992,0.505041778087616,-0.016203461214900017,-0.1938418745994568,0.5,1,0
376,1.685823917388916,0.31015533208847046,-0.02008029818534851,0.0936858281493187,0.5,0,1
377,1.692026972770691,0.5055592656135559,-0.018206581473350525,-0.2052641659975052,0.5,1,0
378,1.7021381855010986,0.3107023537158966,-0.0223118644207716,0.08162032812833786,0.5,0,1
379,1.7083522081375122,0.5061368942260742,-0.02067945897579193,-0.21801769733428955,0.5,1,0
380,1.7184749841690063,0.311316579580307,-0.025039812549948692,0.06807097792625427,0.5,0,1
381,1.7247012853622437,0.506788432598114,-0.02367839403450489,-0.23240578174591064,0.5,1,0
382,1.7348370552062988,0.312012642621994,-0.02832650952041149,0.05271514877676964,0.5,0,1
383,1.7410773038864136,0.507529079914093,-0.02727220579981804,-0.24876871705055237,0.5,1,0
384,1.751227855682373,0.31280699372291565,-0.03224758058786392,0.03518874570727348,0.5,0,1
385,1.7574840784072876,0.5083761811256409,-0.031543806195259094,-0.2674916684627533,0.5,1,0
386,1.7676515579223633,0.3137182891368866,-0.03689363971352577,0.015077583491802216,0.5,0,1
387,1.7739259004592896,0.5093494057655334,-0.036592088639736176,-0.28901365399360657,0.5,1,0
388,1.7841129302978516,0.31476783752441406,-0.042372360825538635,-0.008092356845736504,0.5,0,1
389,1.7904082536697388,0.5104710459709167,-0.04253420606255531,-0.3138374388217926,0.5,0,1
390,1.8006176948547363,0.7061722874641418,-0.04881095513701439,-0.6196250915527344,0.5,1,0
391,1.8147411346435547,0.5117648243904114,-0.06120345741510391,-0.34270593523979187,0.5,1,0
392,1.8249764442443848,0.31756457686424255,-0.0680575743317604,-0.06993357092142105,0.5,1,0
393,1.8313277959823608,0.12348102778196335,-0.06945624947547913,0.20052433013916016,0.5,1,0
394,1.8337973356246948,-0.07058235257863998,-0.06544575840234756,0.47051382064819336,0.5,0,1
395,1.8323856592178345,0.12540005147457123,-0.05603548511862755,0.15794222056865692,0.5,1,0
396,1.8348937034606934,-0.0688767284154892,-0.05287664011120796,0.43243417143821716,0.5,0,1
397,1.833516240119934,0.12695246934890747,-0.0442279577255249,0.12356244027614594,0.5,0,1
398,1.8360552787780762,0.3226792514324188,-0.041756708174943924,-0.18273939192295074,0.5,1,0
399,1.8425087928771973,0.12817887961864471,-0.04541149362921715,0.09648393094539642,0.5,0,1
400,1.8450723886489868,0.323921263217926,-0.04348181560635567,-0.2101733684539795,0.5,1,0
401,1.851550817489624,0.12944714725017548,-0.04768528416752815,0.06848248839378357,0.5,0,1
402,1.854139804840088,0.32521918416023254,-0.04631563276052475,-0.23885589838027954,0.5,1,0
403,1.8606441020965576,0.1307884305715561,-0.05109275132417679,0.03886553272604942,0.5,0,1
404,1.8632599115371704,0.3266043961048126,-0.05031544342637062,-0.2694898843765259,0.5,1,0
405,1.8697919845581055,0.13223524391651154,-0.0557052381336689,0.00690839346498251,0.5,1,0
406,1.872436761856079,-0.06204540282487869,-0.055567070841789246,0.2815084457397461,0.5,1,0
407,1.8711957931518555,-0.25633251667022705,-0.04993690177798271,0.5561609864234924,0.5,0,1
408,1.8660691976547241,-0.060546353459358215,-0.03881368041038513,0.24817250669002533,0.5,0,1
409,1.8648582696914673,0.13510780036449432,-0.033850230276584625,-0.056496039032936096,0.5,0,1
410,1.8675603866577148,0.3306983411312103,-0.03498015180230141,-0.35966384410858154,0.5,1,0
411,1.8741743564605713,0.13609065115451813,-0.04217343032360077,-0.07821296155452728,0.5,1,0
412,1.8768961429595947,-0.05840214341878891,-0.043737687170505524,0.2008715122938156,0.5,0,1
413,1.8757281303405762,0.13731716573238373,-0.039720259606838226,-0.10528147965669632,0.5,1,0
414,1.878474473953247,-0.057213716208934784,-0.04182588681578636,0.17461001873016357,0.5,1,0
415,1.8773301839828491,-0.2517128884792328,-0.03833368793129921,0.4538103938102722,0.5,0,1
416,1.8722959756851196,-0.05607043579220772,-0.029257480055093765,0.14929495751857758,0.5,0,1
417,1.8711745738983154,0.13945798575878143,-0.026271581649780273,-0.1524726301431656,0.5,1,0
418,1.873963713645935,-0.055278122425079346,-0.029321033507585526,0.13180778920650482,0.5,1,0
419,1.8728581666946411,-0.24996806681156158,-0.026684878394007683,0.41509801149368286,0.5,0,1
420,1.8678587675094604,-0.05447826161980629,-0.01838291808962822,0.11412329226732254,0.5,1,0
421,1.8667691946029663,-0.24933205544948578,-0.016100451350212097,0.4009503126144409,0.5,1,0
422,1.8617825508117676,-0.44422197341918945,-0.008081445470452309,0.688513994216919,0.5,0,1
423,1.852898120880127,-0.2489887923002243,0.005688834469765425,0.39329785108566284,0.5,0,1
424,1.8479183912277222,-0.05394802615046501,0.013554790988564491,0.10241395235061646,0.5,0,1
425,1.846839427947998,0.14097706973552704,0.01560307014733553,-0.18596184253692627,0.5,1,0
426,1.8496589660644531,-0.054364610463380814,0.011883833445608616,0.11160212010145187,0.5,0,1
427,1.8485716581344604,0.1405850499868393,0.014115875586867332,-0.17730796337127686,0.5,1,0
428,1.8513833284378052,-0.05473602935671806,0.010569716803729534,0.11979440599679947,0.5,1,0
429,1.8502886295318604,-0.2500078082084656,0.012965604662895203,0.41579315066337585,0.5,0,1
430,1.8452883958816528,-0.05507199466228485,0.021281467750668526,0.12722578644752502,0.5,1,0
431,1.8441870212554932,-0.25049224495887756,0.023825984448194504,0.4265460669994354,0.5,0,1
432,1.839177131652832,-0.05571572855114937,0.032356906682252884,0.14146839082241058,0.5,1,0
433,1.8380628824234009,-0.2512857913970947,0.035186272114515305,0.4441812038421631,0.5,0,1
434,1.8330371379852295,-0.0566788986325264,0.04406989738345146,0.16279417276382446,0.5,0,1
435,1.8319035768508911,0.13778536021709442,0.04732578247785568,-0.11566664278507233,0.5,1,0
436,1.834659218788147,-0.057981617748737335,0.045012447983026505,0.19156362116336823,0.5,1,0
437,1.8334996700286865,-0.2537176311016083,0.04884371906518936,0.4980994462966919,0.5,0,1
438,1.8284252882003784,-0.059317149221897125,0.05880570784211159,0.2212008386850357,0.5,0,1
439,1.827238917350769,0.13491709530353546,0.06322972476482391,-0.05236800014972687,0.5,0,1
440,1.829937219619751,0.3290781080722809,0.06218236684799194,-0.3244503438472748,0.5,1,0
441,1.8365188837051392,0.13312841951847076,0.055693358182907104,-0.012824052944779396,0.5,0,1
442,1.8391814231872559,0.3274092674255371,0.0554368793964386,-0.287428081035614,0.5,1,0
443,1.8457295894622803,0.1315423548221588,0.04968831688165665,0.022211020812392235,0.5,0,1
444,1.8483604192733765,0.3259178102016449,0.05013253539800644,-0.2543899714946747,0.5,1,0
445,1.8548787832260132,0.13011722266674042,0.04504473879933357,0.05367470160126686,0.5,0,1
446,1.8574811220169067,0.3245653212070465,0.04611822962760925,-0.22446291148662567,0.5,1,0
447,1.8639724254608154,0.12881562113761902,0.04162897169589996,0.08240340650081635,0.5,1,0
448,1.866548776626587,-0.0668775886297226,0.043277040123939514,0.38792428374290466,0.5,0,1
449,1.8652112483978271,0.1276041865348816,0.051035527139902115,0.10919423401355743,0.5,1,0
450,1.8677632808685303,-0.06821053475141525,0.05321941152215004,0.417531818151474,0.5,0,1
451,1.8663990497589111,0.12611842155456543,0.061570048332214355,0.14209020137786865,0.5,0,1
452,1.8689213991165161,0.32030701637268066,0.06441184878349304,-0.1305505931377411,0.5,0,1
453,1.8753275871276855,0.514449954032898,0.061800841242074966,-0.4022371470928192,0.5,1,0
454,1.8856165409088135,0.31850841641426086,0.053756099194288254,-0.09072799235582352,0.5,0,1
455,1.8919867277145386,0.512820303440094,0.051941536366939545,-0.36597809195518494,0.5,1,0
456,1.9022431373596191,0.317000150680542,0.04462197422981262,-0.05738011375069618,0.5,0,1
457,1.908583164215088,0.5114548206329346,0.04347437247633934,-0.3356572985649109,0.5,1,0
458,1.9188122749328613,0.31574201583862305,0.03676122799515724,-0.02958800084888935,0.5,0,1
459,1.9251271486282349,0.5103180408477783,0.03616946563124657,-0.310449481010437,0.5,1,0
460,1.935333490371704,0.3146999478340149,0.029960477724671364,-0.006582722533494234,0.5,0,1
461,1.9416275024414062,0.5093796849250793,0.02982882410287857,-0.28966423869132996,0.5,1,0
462,1.9518150091171265,0.31384536623954773,0.024035539478063583,0.012275146320462227,0.5,0,1
463,1.9580919742584229,0.5086145401000977,0.02428104169666767,-0.27272841334342957,0.5,0,1
464,1.9682642221450806,0.7033817172050476,0.018826473504304886,-0.5576552152633667,0.5,1,0
465,1.9823318719863892,0.5080006122589111,0.007673368789255619,-0.2591008245944977,0.5,1,0
466,1.9924918413162231,0.31276997923851013,0.0024913521483540535,0.035992465913295746,0.5,0,1
467,1.9987473487854004,0.5078561305999756,0.003211201401427388,-0.25590336322784424,0.5,1,0
468,2.008904457092285,0.3126884698867798,-0.0019068659748882055,0.0377906858921051,0.5,1,0
469,2.015158176422119,0.117593914270401,-0.0011510523036122322,0.32987135648727417,0.5,0,1
470,2.017510175704956,0.3127322196960449,0.005446374882012606,0.03682567551732063,0.5,1,0
471,2.0237646102905273,0.11753260344266891,0.006182888522744179,0.3312219977378845,0.5,0,1
472,2.0261154174804688,0.31256601214408875,0.012807328253984451,0.04049525409936905,0.5,0,1
473,2.0323667526245117,0.5075019598007202,0.013617233373224735,-0.24811947345733643,0.5,1,0
474,2.0425167083740234,0.3121882379055023,0.008654844015836716,0.04882732778787613,0.5,1,0
475,2.048760414123535,0.11694324761629105,0.009631390683352947,0.3442283272743225,0.5,0,1
476,2.0510993003845215,0.31192687153816223,0.016515957191586494,0.05459803715348244,0.5,0,1
477,2.057337999343872,0.5068081617355347,0.01760791800916195,-0.2328285574913025,0.5,1,0
478,2.067474126815796,0.3114390969276428,0.012951347045600414,0.0653560608625412,0.5,0,1
479,2.073702812194824,0.5063729882240295,0.014258467592298985,-0.22321265935897827,0.5,1,0
480,2.0838303565979004,0.3110501766204834,0.009794214740395546,0.07393362373113632,0.5,0,1
481,2.0900514125823975,0.5060303807258606,0.011272886767983437,-0.21564316749572754,0.5,1,0
482,2.1001718044281006,0.3107490837574005,0.006960023660212755,0.08057429641485214,0.5,1,0
483,2.10638689994812,0.11552805453538895,0.008571509271860123,0.3754449784755707,0.5,0,1
484,2.1086974143981934,0.3105272054672241,0.016080409288406372,0.08547697961330414,0.5,1,0
485,2.11490797996521,0.11517849564552307,0.017789948731660843,0.3831896185874939,0.5,0,1
486,2.1172115802764893,0.3100433945655823,0.02545374073088169,0.09616846591234207,0.5,0,1
487,2.1234123706817627,0.5047914385795593,0.027377109974622726,-0.18837641179561615,0.5,1,0
488,2.1335082054138184,0.30928874015808105,0.02360958233475685,0.11281563341617584,0.5,1,0
489,2.1396939754486084,0.11383659392595291,0.025865893810987473,0.4128527343273163,0.5,0,1
490,2.1419708728790283,0.30858251452445984,0.03412294760346413,0.12843528389930725,0.5,0,1
491,2.1481423377990723,0.5031994581222534,0.03669165447354317,-0.15328997373580933,0.5,1,0
492,2.1582064628601074,0.3075718581676483,0.033625856041908264,0.15073882043361664,0.5,0,1
493,2.164357900619507,0.5021966099739075,0.03664063289761543,-0.1311490833759308,0.5,1,0
494,2.1744017601013184,0.3065694570541382,0.0340176485478878,0.17286460101604462,0.5,1,0
495,2.1805331707000732,0.11097756028175354,0.037474941462278366,0.4760819673538208,0.5,0,1
496,2.1827526092529297,0.30555087327957153,0.0469965822994709,0.19544197618961334,0.5,0,1
497,2.188863754272461,0.4999701678752899,0.05090542137622833,-0.08205306529998779,0.5,0,1
498,2.1988630294799805,0.6943268179893494,0.04926436021924019,-0.3582506775856018,0.5,1,0
499,2.212749719619751,0.49854040145874023,0.04209934547543526,-0.05044948682188988,0.5,0,1
500,2.2227203845977783,0.6930341720581055,0.041090358048677444,-0.3295581340789795,0.5,1,0
501,2.2365810871124268,0.49735212326049805,0.03449919447302818,-0.02420562133193016,0.5,0,1
502,2.246528148651123,0.6919627785682678,0.03401508182287216,-0.3058071434497833,0.5,1,0
503,2.2603673934936523,0.4963730275630951,0.027898937463760376,-0.0025937340687960386,0.5,1,0
504,2.2702949047088623,0.30086231231689453,0.027847062796354294,0.29875946044921875,0.5,0,1
505,2.2763121128082275,0.4955764710903168,0.033822253346443176,0.01498741190880537,0.5,0,1
506,2.2862236499786377,0.6901974678039551,0.03412200137972832,-0.2668352425098419,0.5,1,0
507,2.30002760887146,0.49460557103157043,0.02878529578447342,0.03641173988580704,0.5,1,0
508,2.309919834136963,0.2990829050540924,0.029513530433177948,0.3380359411239624,0.5,0,1
509,2.315901517868042,0.4937727153301239,0.036274250596761703,0.05480411276221275,0.5,0,1
510,2.3257768154144287,0.6883562803268433,0.03737033158540726,-0.22621692717075348,0.5,1,0
511,2.3395440578460693,0.49272072315216064,0.03284599259495735,0.07801582664251328,0.5,0,1
512,2.349398374557495,0.6873567700386047,0.034406308084726334,-0.2041258066892624,0.5,1,0
513,2.363145589828491,0.49176013469696045,0.03032379411160946,0.0992090031504631,0.5,0,1
514,2.372980833053589,0.6864346861839294,0.03230797499418259,-0.18375471234321594,0.5,0,1
515,2.386709451675415,0.8810797929763794,0.02863287925720215,-0.4660731554031372,0.5,1,0
